{
  "route_generation": {
    "avg_candidates": 4.2,
    "avg_energy": 1.4313409634140153
  },
  "agent_performance": {
    "success_rate": 1.0,
    "avg_reward": 127.22903191970006,
    "avg_steps": 9.0
  },
  "end_to_end": {
    "completion_rate": 1.0,
    "avg_energy": 4.132486792733093
  }
}